[{"model": "admin.logentry", "pk": 1, "fields": {"action_time": "2025-08-24T13:16:16.420Z", "user": 1, "content_type": 7, "object_id": "1", "object_repr": "id = 1 Авто. Госномер A111AA178. Модель - Марка авто Ford Bronco", "action_flag": 2, "change_message": "[{\"changed\": {\"fields\": [\"Driver\"]}}]"}}, {"model": "admin.logentry", "pk": 2, "fields": {"action_time": "2025-08-24T13:18:21.733Z", "user": 1, "content_type": 7, "object_id": "1", "object_repr": "id = 1 Авто. Госномер A111AA178. Модель - Марка авто Ford Bronco", "action_flag": 2, "change_message": "[{\"changed\": {\"fields\": [\"Driver\"]}}]"}}, {"model": "admin.logentry", "pk": 3, "fields": {"action_time": "2025-08-24T13:18:42.907Z", "user": 1, "content_type": 7, "object_id": "1", "object_repr": "id = 1 Авто. Госномер A111AA178. Модель - Марка авто Ford Bronco", "action_flag": 2, "change_message": "[{\"changed\": {\"fields\": [\"Enterprise\"]}}]"}}, {"model": "admin.logentry", "pk": 4, "fields": {"action_time": "2025-08-24T13:20:32.362Z", "user": 1, "content_type": 7, "object_id": "1", "object_repr": "id = 1 Авто. Госномер A111AA178. Модель - Марка авто Ford Bronco", "action_flag": 2, "change_message": "[{\"changed\": {\"fields\": [\"Enterprise\"]}}]"}}, {"model": "admin.logentry", "pk": 5, "fields": {"action_time": "2025-08-24T13:40:58.079Z", "user": 1, "content_type": 9, "object_id": "2", "object_repr": "id = 2 ФИО Петр Петров.", "action_flag": 2, "change_message": "[{\"changed\": {\"fields\": [\"Is active\"]}}]"}}, {"model": "admin.logentry", "pk": 6, "fields": {"action_time": "2025-08-24T13:44:56.049Z", "user": 1, "content_type": 9, "object_id": "2", "object_repr": "id = 2 ФИО Петр Петров.", "action_flag": 2, "change_message": "[{\"changed\": {\"fields\": [\"Is active\"]}}]"}}, {"model": "admin.logentry", "pk": 7, "fields": {"action_time": "2025-08-24T13:46:37.543Z", "user": 1, "content_type": 7, "object_id": "3", "object_repr": "id = 3 Авто. Госномер B222BB178. Модель - Марка авто Toyota Crown", "action_flag": 2, "change_message": "[{\"changed\": {\"fields\": [\"Driver\"]}}]"}}, {"model": "admin.logentry", "pk": 8, "fields": {"action_time": "2025-08-24T13:47:01.255Z", "user": 1, "content_type": 7, "object_id": "2", "object_repr": "id = 2 Авто. Госномер C333CC178. Модель - Марка авто Geely Monjaro", "action_flag": 2, "change_message": "[{\"changed\": {\"fields\": [\"Driver\"]}}]"}}, {"model": "admin.logentry", "pk": 9, "fields": {"action_time": "2025-08-24T13:49:33.736Z", "user": 1, "content_type": 7, "object_id": "7", "object_repr": "id = 7 Авто. Госномер G777GG178. Модель - Марка авто Geely Monjaro", "action_flag": 2, "change_message": "[{\"changed\": {\"fields\": [\"Enterprise\"]}}]"}}, {"model": "admin.logentry", "pk": 10, "fields": {"action_time": "2025-08-24T13:49:41.024Z", "user": 1, "content_type": 7, "object_id": "4", "object_repr": "id = 4 Авто. Госномер D444DD178. Модель - Марка авто Volvo XC60", "action_flag": 2, "change_message": "[{\"changed\": {\"fields\": [\"Enterprise\"]}}]"}}, {"model": "admin.logentry", "pk": 11, "fields": {"action_time": "2025-08-24T13:50:13.451Z", "user": 1, "content_type": 9, "object_id": "5", "object_repr": "id = 5 ФИО Николай Николаев.", "action_flag": 2, "change_message": "[{\"changed\": {\"fields\": [\"Is active\"]}}]"}}, {"model": "admin.logentry", "pk": 12, "fields": {"action_time": "2025-08-24T13:50:20.767Z", "user": 1, "content_type": 7, "object_id": "6", "object_repr": "id = 6 Авто. Госномер F666FF178. Модель - Марка авто Ford Bronco", "action_flag": 2, "change_message": "[{\"changed\": {\"fields\": [\"Driver\"]}}]"}}, {"model": "admin.logentry", "pk": 13, "fields": {"action_time": "2025-08-24T13:56:41.042Z", "user": 1, "content_type": 7, "object_id": "10", "object_repr": "id = 10 Авто. Госномер J000JJ178. Модель - Марка авто Volkswagen Golf", "action_flag": 2, "change_message": "[{\"changed\": {\"fields\": [\"Driver\"]}}]"}}, {"model": "admin.logentry", "pk": 14, "fields": {"action_time": "2025-08-24T13:58:21.333Z", "user": 1, "content_type": 9, "object_id": "3", "object_repr": "id = 3 ФИО Сергей Сергеев.", "action_flag": 2, "change_message": "[{\"changed\": {\"fields\": [\"Is active\"]}}]"}}, {"model": "admin.logentry", "pk": 15, "fields": {"action_time": "2025-08-24T13:59:01.809Z", "user": 1, "content_type": 7, "object_id": "5", "object_repr": "id = 5 Авто. Госномер E555EE178. Модель - Марка авто Volkswagen Golf", "action_flag": 2, "change_message": "[{\"changed\": {\"fields\": [\"Enterprise\"]}}]"}}, {"model": "admin.logentry", "pk": 16, "fields": {"action_time": "2025-08-24T14:09:47.290Z", "user": 1, "content_type": 7, "object_id": "3", "object_repr": "id = 3 Авто. Госномер B222BB178. Модель - Марка авто Toyota Crown", "action_flag": 2, "change_message": "[{\"changed\": {\"fields\": [\"Enterprise\"]}}]"}}, {"model": "admin.logentry", "pk": 17, "fields": {"action_time": "2025-08-24T14:09:53.914Z", "user": 1, "content_type": 7, "object_id": "9", "object_repr": "id = 9 Авто. Госномер I999II178. Модель - Марка авто Volvo XC60", "action_flag": 2, "change_message": "[{\"changed\": {\"fields\": [\"Driver\"]}}]"}}, {"model": "admin.logentry", "pk": 18, "fields": {"action_time": "2025-08-24T14:10:02.795Z", "user": 1, "content_type": 7, "object_id": "8", "object_repr": "id = 8 Авто. Госномер H888HH178. Модель - Марка авто Toyota Crown", "action_flag": 2, "change_message": "[{\"changed\": {\"fields\": [\"Enterprise\"]}}]"}}, {"model": "admin.logentry", "pk": 19, "fields": {"action_time": "2025-08-24T14:10:14.463Z", "user": 1, "content_type": 9, "object_id": "5", "object_repr": "id = 5 ФИО Николай Николаев.", "action_flag": 2, "change_message": "[{\"changed\": {\"fields\": [\"Is active\"]}}]"}}, {"model": "admin.logentry", "pk": 20, "fields": {"action_time": "2025-08-24T14:10:31.145Z", "user": 1, "content_type": 9, "object_id": "6", "object_repr": "id = 6 ФИО Владимир Владимиров.", "action_flag": 2, "change_message": "[{\"changed\": {\"fields\": [\"Is active\"]}}]"}}, {"model": "admin.logentry", "pk": 21, "fields": {"action_time": "2025-08-24T14:10:41.875Z", "user": 1, "content_type": 7, "object_id": "6", "object_repr": "id = 6 Авто. Госномер F666FF178. Модель - Марка авто Ford Bronco", "action_flag": 2, "change_message": "[{\"changed\": {\"fields\": [\"Driver\"]}}]"}}, {"model": "admin.logentry", "pk": 22, "fields": {"action_time": "2025-08-24T14:14:40.468Z", "user": 1, "content_type": 9, "object_id": "10", "object_repr": "id = 10 ФИО Дмитрий Дмитриев.", "action_flag": 2, "change_message": "[{\"changed\": {\"fields\": [\"Is active\"]}}]"}}, {"model": "admin.logentry", "pk": 23, "fields": {"action_time": "2025-08-24T14:14:58.194Z", "user": 1, "content_type": 7, "object_id": "5", "object_repr": "id = 5 Авто. Госномер E555EE178. Модель - Марка авто Volkswagen Golf", "action_flag": 2, "change_message": "[{\"changed\": {\"fields\": [\"Enterprise\"]}}]"}}, {"model": "admin.logentry", "pk": 24, "fields": {"action_time": "2025-08-24T14:15:04.390Z", "user": 1, "content_type": 7, "object_id": "5", "object_repr": "id = 5 Авто. Госномер E555EE178. Модель - Марка авто Volkswagen Golf", "action_flag": 2, "change_message": "[{\"changed\": {\"fields\": [\"Driver\"]}}]"}}, {"model": "admin.logentry", "pk": 25, "fields": {"action_time": "2025-08-24T17:35:55.828Z", "user": 1, "content_type": 7, "object_id": "1", "object_repr": "id = 1 Авто. Госномер A111AA178. Модель - Марка авто Ford Bronco", "action_flag": 2, "change_message": "[{\"changed\": {\"fields\": [\"Enterprise\", \"Driver\"]}}]"}}, {"model": "admin.logentry", "pk": 26, "fields": {"action_time": "2025-08-24T17:36:00.568Z", "user": 1, "content_type": 7, "object_id": "1", "object_repr": "id = 1 Авто. Госномер A111AA178. Модель - Марка авто Ford Bronco", "action_flag": 2, "change_message": "[{\"changed\": {\"fields\": [\"Driver\"]}}]"}}, {"model": "admin.logentry", "pk": 27, "fields": {"action_time": "2025-08-24T17:55:04.591Z", "user": 1, "content_type": 7, "object_id": "1", "object_repr": "id = 1 Авто. Госномер A111AA178. Модель - Марка авто Ford Bronco", "action_flag": 2, "change_message": "[{\"changed\": {\"fields\": [\"Driver\"]}}]"}}, {"model": "admin.logentry", "pk": 28, "fields": {"action_time": "2025-08-24T17:55:16.973Z", "user": 1, "content_type": 7, "object_id": "1", "object_repr": "id = 1 Авто. Госномер A111AA178. Модель - Марка авто Ford Bronco", "action_flag": 2, "change_message": "[{\"changed\": {\"fields\": [\"Driver\"]}}]"}}, {"model": "admin.logentry", "pk": 29, "fields": {"action_time": "2025-08-24T17:55:30.944Z", "user": 1, "content_type": 7, "object_id": "1", "object_repr": "id = 1 Авто. Госномер A111AA178. Модель - Марка авто Ford Bronco", "action_flag": 2, "change_message": "[{\"changed\": {\"fields\": [\"Driver\"]}}]"}}, {"model": "admin.logentry", "pk": 30, "fields": {"action_time": "2025-08-24T17:56:18.008Z", "user": 1, "content_type": 7, "object_id": "1", "object_repr": "id = 1 Авто. Госномер A111AA178. Модель - Марка авто Ford Bronco", "action_flag": 2, "change_message": "[{\"changed\": {\"fields\": [\"Enterprise\", \"Driver\"]}}]"}}, {"model": "admin.logentry", "pk": 31, "fields": {"action_time": "2025-08-24T18:04:36.890Z", "user": 1, "content_type": 7, "object_id": "1", "object_repr": "id = 1 Авто. Госномер A111AA178. Модель - Марка авто Ford Bronco", "action_flag": 2, "change_message": "[{\"changed\": {\"fields\": [\"Driver\"]}}]"}}, {"model": "admin.logentry", "pk": 32, "fields": {"action_time": "2025-08-24T18:04:41.144Z", "user": 1, "content_type": 7, "object_id": "1", "object_repr": "id = 1 Авто. Госномер A111AA178. Модель - Марка авто Ford Bronco", "action_flag": 2, "change_message": "[{\"changed\": {\"fields\": [\"Driver\"]}}]"}}, {"model": "admin.logentry", "pk": 33, "fields": {"action_time": "2025-08-24T18:05:47.627Z", "user": 1, "content_type": 7, "object_id": "1", "object_repr": "id = 1 Авто. Госномер A111AA178. Модель - Марка авто Ford Bronco", "action_flag": 2, "change_message": "[{\"changed\": {\"fields\": [\"Driver\"]}}]"}}, {"model": "admin.logentry", "pk": 34, "fields": {"action_time": "2025-08-24T18:11:04.589Z", "user": 1, "content_type": 7, "object_id": "1", "object_repr": "id = 1 Авто. Госномер A111AA178. Модель - Марка авто Ford Bronco", "action_flag": 2, "change_message": "[{\"changed\": {\"fields\": [\"Driver\"]}}]"}}, {"model": "admin.logentry", "pk": 35, "fields": {"action_time": "2025-08-24T18:12:26.861Z", "user": 1, "content_type": 7, "object_id": "1", "object_repr": "id = 1 Авто. Госномер A111AA178. Модель - Марка авто Ford Bronco", "action_flag": 2, "change_message": "[{\"changed\": {\"fields\": [\"Driver\"]}}]"}}, {"model": "admin.logentry", "pk": 36, "fields": {"action_time": "2025-08-24T18:13:35.783Z", "user": 1, "content_type": 7, "object_id": "1", "object_repr": "id = 1 Авто. Госномер A111AA178. Модель - Марка авто Ford Bronco", "action_flag": 2, "change_message": "[{\"changed\": {\"fields\": [\"Driver\"]}}]"}}, {"model": "admin.logentry", "pk": 37, "fields": {"action_time": "2025-08-24T18:15:09.022Z", "user": 1, "content_type": 7, "object_id": "1", "object_repr": "id = 1 Авто. Госномер A111AA178. Модель - Марка авто Ford Bronco", "action_flag": 2, "change_message": "[{\"changed\": {\"fields\": [\"Driver\"]}}]"}}, {"model": "admin.logentry", "pk": 38, "fields": {"action_time": "2025-08-24T18:24:00.804Z", "user": 1, "content_type": 9, "object_id": "5", "object_repr": "id = 5 ФИО Николай Николаев.", "action_flag": 2, "change_message": "[{\"changed\": {\"fields\": [\"Is active\"]}}]"}}, {"model": "admin.logentry", "pk": 39, "fields": {"action_time": "2025-08-24T18:24:19.363Z", "user": 1, "content_type": 9, "object_id": "9", "object_repr": "id = 9 ФИО Евгений Евгеньев.", "action_flag": 2, "change_message": "[{\"changed\": {\"fields\": [\"Is active\"]}}]"}}, {"model": "admin.logentry", "pk": 40, "fields": {"action_time": "2025-08-24T18:24:36.673Z", "user": 1, "content_type": 7, "object_id": "7", "object_repr": "id = 7 Авто. Госномер G777GG178. Модель - Марка авто Geely Monjaro", "action_flag": 2, "change_message": "[{\"changed\": {\"fields\": [\"Driver\"]}}]"}}, {"model": "admin.logentry", "pk": 41, "fields": {"action_time": "2025-08-24T18:25:03.496Z", "user": 1, "content_type": 7, "object_id": "7", "object_repr": "id = 7 Авто. Госномер G777GG178. Модель - Марка авто Geely Monjaro", "action_flag": 2, "change_message": "[{\"changed\": {\"fields\": [\"Driver\"]}}]"}}, {"model": "admin.logentry", "pk": 42, "fields": {"action_time": "2025-08-24T18:25:24.950Z", "user": 1, "content_type": 7, "object_id": "1", "object_repr": "id = 1 Авто. Госномер A111AA178. Модель - Марка авто Ford Bronco", "action_flag": 2, "change_message": "[{\"changed\": {\"fields\": [\"Driver\"]}}]"}}, {"model": "admin.logentry", "pk": 43, "fields": {"action_time": "2025-08-24T18:26:40.657Z", "user": 1, "content_type": 7, "object_id": "1", "object_repr": "id = 1 Авто. Госномер A111AA178. Модель - Марка авто Ford Bronco", "action_flag": 2, "change_message": "[{\"changed\": {\"fields\": [\"Driver\"]}}]"}}, {"model": "admin.logentry", "pk": 44, "fields": {"action_time": "2025-08-25T19:28:50.993Z", "user": 1, "content_type": 7, "object_id": "7", "object_repr": "id = 7 Авто. Госномер G777GG178. Модель - Марка авто Geely Monjaro", "action_flag": 2, "change_message": "[{\"changed\": {\"fields\": [\"Driver\"]}}]"}}, {"model": "admin.logentry", "pk": 45, "fields": {"action_time": "2025-08-25T19:28:59.761Z", "user": 1, "content_type": 7, "object_id": "10", "object_repr": "id = 10 Авто. Госномер J000JJ178. Модель - Марка авто Volkswagen Golf", "action_flag": 2, "change_message": "[{\"changed\": {\"fields\": [\"Driver\"]}}, {\"added\": {\"name\": \"vehicle driver\", \"object\": \"VehicleDriver object (1)\"}}]"}}, {"model": "admin.logentry", "pk": 46, "fields": {"action_time": "2025-08-25T19:29:12.866Z", "user": 1, "content_type": 7, "object_id": "10", "object_repr": "id = 10 Авто. Госномер J000JJ178. Модель - Марка авто Volkswagen Golf", "action_flag": 2, "change_message": "[{\"changed\": {\"fields\": [\"Driver\"]}}, {\"added\": {\"name\": \"vehicle driver\", \"object\": \"VehicleDriver object (2)\"}}]"}}, {"model": "admin.logentry", "pk": 47, "fields": {"action_time": "2025-08-25T19:33:51.406Z", "user": 1, "content_type": 7, "object_id": "10", "object_repr": "id = 10 Авто. Госномер J000JJ178. Модель - Марка авто Volkswagen Golf", "action_flag": 3, "change_message": ""}}, {"model": "admin.logentry", "pk": 48, "fields": {"action_time": "2025-08-25T19:34:02.789Z", "user": 1, "content_type": 7, "object_id": "9", "object_repr": "id = 9 Авто. Госномер I999II178. Модель - Марка авто Volvo XC60", "action_flag": 2, "change_message": "[{\"changed\": {\"fields\": [\"Driver\"]}}, {\"added\": {\"name\": \"vehicle driver\", \"object\": \"VehicleDriver object (3)\"}}]"}}, {"model": "admin.logentry", "pk": 49, "fields": {"action_time": "2025-08-25T19:34:17.577Z", "user": 1, "content_type": 7, "object_id": "9", "object_repr": "id = 9 Авто. Госномер I999II178. Модель - Марка авто Volvo XC60", "action_flag": 2, "change_message": "[{\"changed\": {\"fields\": [\"Driver\"]}}]"}}, {"model": "admin.logentry", "pk": 50, "fields": {"action_time": "2025-08-25T19:35:40.343Z", "user": 1, "content_type": 7, "object_id": "8", "object_repr": "id = 8 Авто. Госномер H888HH178. Модель - Марка авто Toyota Crown", "action_flag": 2, "change_message": "[{\"added\": {\"name\": \"vehicle driver\", \"object\": \"VehicleDriver object (4)\"}}]"}}, {"model": "admin.logentry", "pk": 51, "fields": {"action_time": "2025-08-25T19:35:50.054Z", "user": 1, "content_type": 7, "object_id": "8", "object_repr": "id = 8 Авто. Госномер H888HH178. Модель - Марка авто Toyota Crown", "action_flag": 2, "change_message": "[{\"changed\": {\"fields\": [\"Driver\"]}}, {\"added\": {\"name\": \"vehicle driver\", \"object\": \"VehicleDriver object (5)\"}}]"}}, {"model": "admin.logentry", "pk": 52, "fields": {"action_time": "2025-08-25T19:39:16.176Z", "user": 1, "content_type": 7, "object_id": "2", "object_repr": "id = 2 Авто. Госномер C333CC178. Модель - Марка авто Geely Monjaro", "action_flag": 2, "change_message": "[{\"added\": {\"name\": \"vehicle driver\", \"object\": \"VehicleDriver object (6)\"}}]"}}, {"model": "admin.logentry", "pk": 53, "fields": {"action_time": "2025-08-27T03:48:38.409Z", "user": 1, "content_type": 7, "object_id": "2", "object_repr": "id = 2 Авто. Госномер C333CC178. Модель - Марка авто Geely Monjaro", "action_flag": 2, "change_message": "[{\"changed\": {\"fields\": [\"Driver\"]}}, {\"added\": {\"name\": \"vehicle driver\", \"object\": \"VehicleDriver object (7)\"}}]"}}, {"model": "admin.logentry", "pk": 54, "fields": {"action_time": "2025-08-27T03:48:50.571Z", "user": 1, "content_type": 7, "object_id": "7", "object_repr": "id = 7 Авто. Госномер G777GG178. Модель - Марка авто Geely Monjaro", "action_flag": 2, "change_message": "[{\"changed\": {\"fields\": [\"Driver\"]}}]"}}, {"model": "admin.logentry", "pk": 55, "fields": {"action_time": "2025-08-27T03:49:03.858Z", "user": 1, "content_type": 7, "object_id": "5", "object_repr": "id = 5 Авто. Госномер E555EE178. Модель - Марка авто Volkswagen Golf", "action_flag": 2, "change_message": "[{\"changed\": {\"fields\": [\"Enterprise\", \"Driver\"]}}, {\"added\": {\"name\": \"vehicle driver\", \"object\": \"VehicleDriver object (8)\"}}]"}}, {"model": "admin.logentry", "pk": 56, "fields": {"action_time": "2025-08-27T03:49:49.727Z", "user": 1, "content_type": 7, "object_id": "6", "object_repr": "id = 6 Авто. Госномер F666FF178. Модель - Марка авто Ford Bronco", "action_flag": 2, "change_message": "[{\"changed\": {\"fields\": [\"Enterprise\"]}}]"}}, {"model": "admin.logentry", "pk": 57, "fields": {"action_time": "2025-08-27T03:50:00.481Z", "user": 1, "content_type": 7, "object_id": "3", "object_repr": "id = 3 Авто. Госномер B222BB178. Модель - Марка авто Toyota Crown", "action_flag": 2, "change_message": "[{\"changed\": {\"fields\": [\"Driver\"]}}]"}}, {"model": "admin.logentry", "pk": 58, "fields": {"action_time": "2025-08-27T12:12:45.968Z", "user": 1, "content_type": 7, "object_id": "1", "object_repr": "id = 1 Авто. Госномер A111AA178. Модель - Марка авто Ford Bronco", "action_flag": 2, "change_message": "[{\"changed\": {\"fields\": [\"Color\", \"Driver\"]}}]"}}, {"model": "admin.logentry", "pk": 59, "fields": {"action_time": "2025-08-27T12:12:53.257Z", "user": 1, "content_type": 7, "object_id": "2", "object_repr": "id = 2 Авто. Госномер C333CC178. Модель - Марка авто Geely Monjaro", "action_flag": 2, "change_message": "[{\"changed\": {\"fields\": [\"Color\"]}}]"}}, {"model": "admin.logentry", "pk": 60, "fields": {"action_time": "2025-08-27T12:13:00.044Z", "user": 1, "content_type": 7, "object_id": "3", "object_repr": "id = 3 Авто. Госномер B222BB178. Модель - Марка авто Toyota Crown", "action_flag": 2, "change_message": "[{\"changed\": {\"fields\": [\"Color\", \"Driver\"]}}]"}}, {"model": "admin.logentry", "pk": 61, "fields": {"action_time": "2025-08-27T12:13:08.594Z", "user": 1, "content_type": 7, "object_id": "4", "object_repr": "id = 4 Авто. Госномер D444DD178. Модель - Марка авто Volvo XC60", "action_flag": 2, "change_message": "[{\"changed\": {\"fields\": [\"Color\"]}}]"}}, {"model": "admin.logentry", "pk": 62, "fields": {"action_time": "2025-08-27T12:13:18.861Z", "user": 1, "content_type": 7, "object_id": "7", "object_repr": "id = 7 Авто. Госномер G777GG178. Модель - Марка авто Geely Monjaro", "action_flag": 2, "change_message": "[{\"changed\": {\"fields\": [\"Color\"]}}]"}}, {"model": "admin.logentry", "pk": 63, "fields": {"action_time": "2025-08-27T12:13:32.472Z", "user": 1, "content_type": 7, "object_id": "8", "object_repr": "id = 8 Авто. Госномер H888HH178. Модель - Марка авто Toyota Crown", "action_flag": 2, "change_message": "[{\"changed\": {\"fields\": [\"Color\", \"Driver\"]}}]"}}, {"model": "admin.logentry", "pk": 64, "fields": {"action_time": "2025-08-27T12:13:57.817Z", "user": 1, "content_type": 7, "object_id": "9", "object_repr": "id = 9 Авто. Госномер I999II178. Модель - Марка авто Volvo XC60", "action_flag": 2, "change_message": "[{\"changed\": {\"fields\": [\"Color\", \"Driver\"]}}]"}}, {"model": "admin.logentry", "pk": 65, "fields": {"action_time": "2025-08-27T12:25:25.551Z", "user": 1, "content_type": 7, "object_id": "5", "object_repr": "id = 5 Авто. Госномер E555EE178. Модель - Марка авто Volkswagen Golf", "action_flag": 2, "change_message": "[{\"changed\": {\"fields\": [\"Color\", \"Driver\"]}}, {\"changed\": {\"name\": \"vehicle driver\", \"object\": \"VehicleDriver object (8)\", \"fields\": [\"Driver\"]}}]"}}, {"model": "admin.logentry", "pk": 66, "fields": {"action_time": "2025-08-27T12:25:58.058Z", "user": 1, "content_type": 7, "object_id": "6", "object_repr": "id = 6 Авто. Госномер F666FF178. Модель - Марка авто Ford Bronco", "action_flag": 2, "change_message": "[{\"changed\": {\"fields\": [\"Color\", \"Driver\"]}}]"}}, {"model": "admin.logentry", "pk": 67, "fields": {"action_time": "2025-08-27T13:01:55.444Z", "user": 1, "content_type": 7, "object_id": "4", "object_repr": "id = 4 Авто. Госномер D444DD178. Модель - Марка авто Volvo XC60", "action_flag": 2, "change_message": "[{\"changed\": {\"fields\": [\"Enterprise\"]}}]"}}, {"model": "admin.logentry", "pk": 68, "fields": {"action_time": "2025-08-27T13:02:01.768Z", "user": 1, "content_type": 7, "object_id": "4", "object_repr": "id = 4 Авто. Госномер D444DD178. Модель - Марка авто Volvo XC60", "action_flag": 2, "change_message": "[{\"changed\": {\"fields\": [\"Driver\"]}}]"}}, {"model": "admin.logentry", "pk": 69, "fields": {"action_time": "2025-08-27T13:03:06.107Z", "user": 1, "content_type": 7, "object_id": "9", "object_repr": "id = 9 Авто. Госномер I999II178. Модель - Марка авто Volvo XC60", "action_flag": 2, "change_message": "[{\"changed\": {\"fields\": [\"Driver\"]}}]"}}, {"model": "admin.logentry", "pk": 70, "fields": {"action_time": "2025-08-29T11:23:21.843Z", "user": 1, "content_type": 7, "object_id": "9", "object_repr": "id = 9 Авто. Госномер I999II178. Модель - Марка авто Volvo XC60", "action_flag": 2, "change_message": "[{\"changed\": {\"fields\": [\"Driver\"]}}, {\"added\": {\"name\": \"vehicle driver\", \"object\": \"VehicleDriver object (9)\"}}]"}}, {"model": "admin.logentry", "pk": 71, "fields": {"action_time": "2025-08-29T11:24:25.510Z", "user": 1, "content_type": 7, "object_id": "6", "object_repr": "id = 6 Авто. Госномер F666FF178. Модель - Марка авто Ford Bronco", "action_flag": 2, "change_message": "[{\"changed\": {\"fields\": [\"Driver\"]}}]"}}, {"model": "admin.logentry", "pk": 72, "fields": {"action_time": "2025-08-29T11:41:33.595Z", "user": 1, "content_type": 7, "object_id": "3", "object_repr": "id = 3 Авто. Госномер B222BB178. Модель - Марка авто Toyota Crown", "action_flag": 2, "change_message": "[{\"changed\": {\"fields\": [\"Driver\"]}}]"}}, {"model": "admin.logentry", "pk": 73, "fields": {"action_time": "2025-08-29T11:41:38.686Z", "user": 1, "content_type": 7, "object_id": "3", "object_repr": "id = 3 Авто. Госномер B222BB178. Модель - Марка авто Toyota Crown", "action_flag": 2, "change_message": "[{\"changed\": {\"fields\": [\"Driver\"]}}, {\"added\": {\"name\": \"vehicle driver\", \"object\": \"VehicleDriver object (10)\"}}]"}}, {"model": "admin.logentry", "pk": 74, "fields": {"action_time": "2025-08-29T11:41:48.021Z", "user": 1, "content_type": 7, "object_id": "3", "object_repr": "id = 3 Авто. Госномер B222BB178. Модель - Марка авто Toyota Crown", "action_flag": 2, "change_message": "[{\"changed\": {\"fields\": [\"Driver\"]}}]"}}, {"model": "admin.logentry", "pk": 75, "fields": {"action_time": "2025-08-29T11:42:20.278Z", "user": 1, "content_type": 7, "object_id": "4", "object_repr": "id = 4 Авто. Госномер D444DD178. Модель - Марка авто Volvo XC60", "action_flag": 2, "change_message": "[{\"changed\": {\"fields\": [\"Driver\"]}}]"}}, {"model": "admin.logentry", "pk": 76, "fields": {"action_time": "2025-08-29T11:42:52.861Z", "user": 1, "content_type": 7, "object_id": "4", "object_repr": "id = 4 Авто. Госномер D444DD178. Модель - Марка авто Volvo XC60", "action_flag": 2, "change_message": "[{\"changed\": {\"fields\": [\"Driver\"]}}, {\"added\": {\"name\": \"vehicle driver\", \"object\": \"VehicleDriver object (11)\"}}]"}}, {"model": "admin.logentry", "pk": 77, "fields": {"action_time": "2025-08-29T11:43:27.262Z", "user": 1, "content_type": 7, "object_id": "7", "object_repr": "id = 7 Авто. Госномер G777GG178. Модель - Марка авто Geely Monjaro", "action_flag": 2, "change_message": "[{\"changed\": {\"fields\": [\"Driver\"]}}]"}}, {"model": "admin.logentry", "pk": 78, "fields": {"action_time": "2025-08-29T11:43:47.955Z", "user": 1, "content_type": 7, "object_id": "6", "object_repr": "id = 6 Авто. Госномер F666FF178. Модель - Марка авто Ford Bronco", "action_flag": 2, "change_message": "[{\"changed\": {\"fields\": [\"Enterprise\"]}}]"}}, {"model": "admin.logentry", "pk": 79, "fields": {"action_time": "2025-08-29T11:43:53.074Z", "user": 1, "content_type": 7, "object_id": "6", "object_repr": "id = 6 Авто. Госномер F666FF178. Модель - Марка авто Ford Bronco", "action_flag": 2, "change_message": "[{\"changed\": {\"fields\": [\"Driver\"]}}]"}}, {"model": "admin.logentry", "pk": 80, "fields": {"action_time": "2025-08-29T11:44:21.443Z", "user": 1, "content_type": 7, "object_id": "7", "object_repr": "id = 7 Авто. Госномер G777GG178. Модель - Марка авто Geely Monjaro", "action_flag": 2, "change_message": "[{\"added\": {\"name\": \"vehicle driver\", \"object\": \"VehicleDriver object (12)\"}}]"}}, {"model": "admin.logentry", "pk": 81, "fields": {"action_time": "2025-08-29T11:45:55.869Z", "user": 1, "content_type": 7, "object_id": "1", "object_repr": "id = 1 Авто. Госномер A111AA178. Модель - Марка авто Ford Bronco", "action_flag": 2, "change_message": "[{\"added\": {\"name\": \"vehicle driver\", \"object\": \"VehicleDriver object (13)\"}}]"}}, {"model": "admin.logentry", "pk": 82, "fields": {"action_time": "2025-08-29T11:46:13.479Z", "user": 1, "content_type": 7, "object_id": "3", "object_repr": "id = 3 Авто. Госномер B222BB178. Модель - Марка авто Toyota Crown", "action_flag": 2, "change_message": "[{\"added\": {\"name\": \"vehicle driver\", \"object\": \"VehicleDriver object (14)\"}}]"}}, {"model": "admin.logentry", "pk": 83, "fields": {"action_time": "2025-08-30T12:56:58.222Z", "user": 1, "content_type": 4, "object_id": "2", "object_repr": "Voldek404", "action_flag": 1, "change_message": "[{\"added\": {}}]"}}, {"model": "admin.logentry", "pk": 84, "fields": {"action_time": "2025-08-30T12:59:24.035Z", "user": 1, "content_type": 4, "object_id": "2", "object_repr": "Voldek404", "action_flag": 2, "change_message": "[{\"changed\": {\"fields\": [\"Staff status\"]}}]"}}, {"model": "admin.logentry", "pk": 85, "fields": {"action_time": "2025-08-30T13:00:52.508Z", "user": 1, "content_type": 4, "object_id": "2", "object_repr": "Voldek404", "action_flag": 2, "change_message": "[{\"changed\": {\"fields\": [\"User permissions\"]}}]"}}, {"model": "admin.logentry", "pk": 86, "fields": {"action_time": "2025-09-01T12:06:19.813Z", "user": 1, "content_type": 4, "object_id": "3", "object_repr": "manager_1", "action_flag": 1, "change_message": "[{\"added\": {}}]"}}, {"model": "admin.logentry", "pk": 87, "fields": {"action_time": "2025-09-01T12:12:07.155Z", "user": 1, "content_type": 4, "object_id": "3", "object_repr": "manager_1", "action_flag": 2, "change_message": "[{\"changed\": {\"fields\": [\"User permissions\"]}}]"}}, {"model": "admin.logentry", "pk": 88, "fields": {"action_time": "2025-09-01T12:12:31.424Z", "user": 1, "content_type": 4, "object_id": "4", "object_repr": "manager_2", "action_flag": 1, "change_message": "[{\"added\": {}}]"}}, {"model": "admin.logentry", "pk": 89, "fields": {"action_time": "2025-09-01T12:13:05.579Z", "user": 1, "content_type": 4, "object_id": "4", "object_repr": "manager_2", "action_flag": 2, "change_message": "[{\"changed\": {\"fields\": [\"First name\", \"Last name\", \"User permissions\"]}}]"}}, {"model": "admin.logentry", "pk": 90, "fields": {"action_time": "2025-09-01T12:13:34.485Z", "user": 1, "content_type": 4, "object_id": "3", "object_repr": "manager_1", "action_flag": 2, "change_message": "[{\"changed\": {\"fields\": [\"First name\", \"Last name\"]}}]"}}, {"model": "admin.logentry", "pk": 91, "fields": {"action_time": "2025-09-01T12:13:45.625Z", "user": 1, "content_type": 4, "object_id": "4", "object_repr": "manager_2", "action_flag": 2, "change_message": "[{\"changed\": {\"fields\": [\"First name\", \"Last name\"]}}]"}}, {"model": "admin.logentry", "pk": 92, "fields": {"action_time": "2025-09-01T12:24:43.731Z", "user": 1, "content_type": 12, "object_id": "1", "object_repr": "id = 1 ФИО - Олег Пугачев. Автопарк - id = 1 Наименование предприятия - Alpha Taxi. Расположение - Saint Petersburg", "action_flag": 1, "change_message": "[{\"added\": {}}]"}}, {"model": "admin.logentry", "pk": 93, "fields": {"action_time": "2025-09-01T12:25:04.165Z", "user": 1, "content_type": 12, "object_id": "2", "object_repr": "id = 2 ФИО - Никита Шулаков. Автопарк - id = 2 Наименование предприятия - Beta Transport. Расположение - Moscow", "action_flag": 1, "change_message": "[{\"added\": {}}]"}}, {"model": "admin.logentry", "pk": 94, "fields": {"action_time": "2025-09-01T12:32:50.826Z", "user": 1, "content_type": 12, "object_id": "1", "object_repr": "id = 1 ФИО - Олег Пугачев. Автопарк - vehicles.Enterprise.None", "action_flag": 2, "change_message": "[{\"changed\": {\"fields\": [\"Enterprises\"]}}]"}}, {"model": "admin.logentry", "pk": 95, "fields": {"action_time": "2025-09-01T12:33:01.684Z", "user": 1, "content_type": 12, "object_id": "2", "object_repr": "id = 2 ФИО - Никита Шулаков. Автопарк - vehicles.Enterprise.None", "action_flag": 2, "change_message": "[{\"changed\": {\"fields\": [\"Enterprises\"]}}]"}}, {"model": "admin.logentry", "pk": 96, "fields": {"action_time": "2025-09-01T12:57:45.779Z", "user": 1, "content_type": 4, "object_id": "3", "object_repr": "manager_1", "action_flag": 2, "change_message": "[{\"changed\": {\"fields\": [\"password\"]}}]"}}, {"model": "admin.logentry", "pk": 97, "fields": {"action_time": "2025-09-01T12:57:58.817Z", "user": 1, "content_type": 4, "object_id": "4", "object_repr": "manager_2", "action_flag": 2, "change_message": "[{\"changed\": {\"fields\": [\"password\"]}}]"}}, {"model": "admin.logentry", "pk": 98, "fields": {"action_time": "2025-09-01T12:59:59.701Z", "user": 1, "content_type": 4, "object_id": "3", "object_repr": "manager_1", "action_flag": 2, "change_message": "[{\"changed\": {\"fields\": [\"Staff status\"]}}]"}}, {"model": "admin.logentry", "pk": 99, "fields": {"action_time": "2025-09-01T13:00:07.349Z", "user": 1, "content_type": 4, "object_id": "4", "object_repr": "manager_2", "action_flag": 2, "change_message": "[{\"changed\": {\"fields\": [\"Staff status\"]}}]"}}, {"model": "admin.logentry", "pk": 100, "fields": {"action_time": "2025-09-01T13:17:15.220Z", "user": 1, "content_type": 4, "object_id": "3", "object_repr": "manager_1", "action_flag": 2, "change_message": "[{\"changed\": {\"fields\": [\"User permissions\"]}}]"}}, {"model": "admin.logentry", "pk": 101, "fields": {"action_time": "2025-09-01T13:17:22.923Z", "user": 1, "content_type": 4, "object_id": "4", "object_repr": "manager_2", "action_flag": 2, "change_message": "[{\"changed\": {\"fields\": [\"User permissions\"]}}]"}}, {"model": "admin.logentry", "pk": 102, "fields": {"action_time": "2025-09-05T16:37:59.178Z", "user": 1, "content_type": 4, "object_id": "3", "object_repr": "manager_1", "action_flag": 2, "change_message": "[{\"changed\": {\"fields\": [\"User permissions\"]}}]"}}, {"model": "admin.logentry", "pk": 103, "fields": {"action_time": "2025-09-10T18:35:52.883Z", "user": 1, "content_type": 7, "object_id": "26", "object_repr": "id = 26 Авто. Госномер A123BC77. Модель - Марка авто Ford Bronco", "action_flag": 2, "change_message": "[{\"changed\": {\"fields\": [\"Enterprise\"]}}]"}}, {"model": "admin.logentry", "pk": 104, "fields": {"action_time": "2025-09-10T19:14:00.701Z", "user": 1, "content_type": 10, "object_id": "30", "object_repr": "id = 30 Наименование предприятия - СеверТранс. Расположение - Москва", "action_flag": 3, "change_message": ""}}, {"model": "admin.logentry", "pk": 105, "fields": {"action_time": "2025-09-10T19:22:52.800Z", "user": 1, "content_type": 12, "object_id": "1", "object_repr": "id = 1 ФИО - Олег Пугачев. ", "action_flag": 2, "change_message": "[{\"changed\": {\"fields\": [\"Enterprises\"]}}]"}}, {"model": "admin.logentry", "pk": 106, "fields": {"action_time": "2025-09-11T17:46:38.504Z", "user": 1, "content_type": 12, "object_id": "1", "object_repr": "id = 1 ФИО - Олег Пугачев. ", "action_flag": 2, "change_message": "[{\"changed\": {\"fields\": [\"Enterprises\"]}}]"}}, {"model": "admin.logentry", "pk": 107, "fields": {"action_time": "2025-09-11T18:00:26.847Z", "user": 1, "content_type": 4, "object_id": "2", "object_repr": "Voldek404", "action_flag": 2, "change_message": "[{\"changed\": {\"fields\": [\"password\"]}}]"}}, {"model": "admin.logentry", "pk": 108, "fields": {"action_time": "2025-09-14T14:13:37.325Z", "user": 1, "content_type": 7, "object_id": "27", "object_repr": "id = 27 Авто. Госномер А123ВС77. Модель - Марка авто Ford Bronco", "action_flag": 2, "change_message": "[{\"changed\": {\"fields\": [\"Driver\"]}}]"}}, {"model": "admin.logentry", "pk": 109, "fields": {"action_time": "2025-09-14T14:13:53.601Z", "user": 1, "content_type": 7, "object_id": "27", "object_repr": "id = 27 Авто. Госномер А123ВС77. Модель - Марка авто Ford Bronco", "action_flag": 2, "change_message": "[{\"changed\": {\"fields\": [\"Enterprise\", \"Driver\"]}}]"}}, {"model": "admin.logentry", "pk": 110, "fields": {"action_time": "2025-09-14T14:14:11.373Z", "user": 1, "content_type": 12, "object_id": "1", "object_repr": "id = 1 ФИО - Олег Пугачев. ", "action_flag": 2, "change_message": "[{\"changed\": {\"fields\": [\"Enterprises\"]}}]"}}, {"model": "admin.logentry", "pk": 111, "fields": {"action_time": "2025-09-14T14:14:28.983Z", "user": 1, "content_type": 9, "object_id": "11", "object_repr": "id = 11 ФИО Test.", "action_flag": 1, "change_message": "[{\"added\": {}}]"}}, {"model": "admin.logentry", "pk": 112, "fields": {"action_time": "2025-09-14T14:17:08.238Z", "user": 1, "content_type": 10, "object_id": "33", "object_repr": "id = 33 Наименование предприятия - test. Расположение - test", "action_flag": 1, "change_message": "[{\"added\": {}}]"}}, {"model": "admin.logentry", "pk": 113, "fields": {"action_time": "2025-09-14T14:17:44.388Z", "user": 1, "content_type": 7, "object_id": "28", "object_repr": "id = 28 Авто. Госномер A111AA178. Модель - Марка авто Ford Bronco", "action_flag": 1, "change_message": "[{\"added\": {}}, {\"added\": {\"name\": \"vehicle driver\", \"object\": \"VehicleDriver object (15)\"}}]"}}, {"model": "admin.logentry", "pk": 114, "fields": {"action_time": "2025-09-14T14:19:32.390Z", "user": 1, "content_type": 9, "object_id": "12", "object_repr": "id = 12 ФИО test.", "action_flag": 1, "change_message": "[{\"added\": {}}]"}}, {"model": "admin.logentry", "pk": 115, "fields": {"action_time": "2025-09-14T14:19:44.336Z", "user": 1, "content_type": 7, "object_id": "28", "object_repr": "id = 28 Авто. Госномер A111AA178. Модель - Марка авто Ford Bronco", "action_flag": 2, "change_message": "[{\"changed\": {\"fields\": [\"Driver\"]}}, {\"changed\": {\"name\": \"vehicle driver\", \"object\": \"VehicleDriver object (15)\", \"fields\": [\"Driver\"]}}]"}}, {"model": "admin.logentry", "pk": 116, "fields": {"action_time": "2025-09-14T14:21:29.002Z", "user": 1, "content_type": 12, "object_id": "1", "object_repr": "id = 1 ФИО - Олег Пугачев. ", "action_flag": 2, "change_message": "[{\"changed\": {\"fields\": [\"Enterprises\"]}}]"}}, {"model": "admin.logentry", "pk": 117, "fields": {"action_time": "2025-09-14T14:22:40.337Z", "user": 1, "content_type": 10, "object_id": "34", "object_repr": "id = 34 Наименование предприятия - test. Расположение - test", "action_flag": 1, "change_message": "[{\"added\": {}}]"}}, {"model": "admin.logentry", "pk": 118, "fields": {"action_time": "2025-09-14T14:22:47.106Z", "user": 1, "content_type": 12, "object_id": "1", "object_repr": "id = 1 ФИО - Олег Пугачев. ", "action_flag": 2, "change_message": "[{\"changed\": {\"fields\": [\"Enterprises\"]}}]"}}, {"model": "admin.logentry", "pk": 119, "fields": {"action_time": "2025-09-14T14:23:19.183Z", "user": 1, "content_type": 7, "object_id": "29", "object_repr": "id = 29 Авто. Госномер B222BB178. Модель - Марка авто Ford Bronco", "action_flag": 1, "change_message": "[{\"added\": {}}, {\"added\": {\"name\": \"vehicle driver\", \"object\": \"VehicleDriver object (16)\"}}]"}}, {"model": "admin.logentry", "pk": 120, "fields": {"action_time": "2025-09-14T14:23:38.483Z", "user": 1, "content_type": 9, "object_id": "13", "object_repr": "id = 13 ФИО test.", "action_flag": 1, "change_message": "[{\"added\": {}}]"}}, {"model": "admin.logentry", "pk": 121, "fields": {"action_time": "2025-09-15T10:32:36.290Z", "user": 1, "content_type": 9, "object_id": "14", "object_repr": "id = 14 ФИО тест.", "action_flag": 1, "change_message": "[{\"added\": {}}]"}}, {"model": "admin.logentry", "pk": 122, "fields": {"action_time": "2025-09-15T10:32:50.601Z", "user": 1, "content_type": 7, "object_id": "29", "object_repr": "id = 29 Авто. Госномер B222BB178. Модель - Марка авто Ford Bronco", "action_flag": 2, "change_message": "[{\"changed\": {\"fields\": [\"Driver\"]}}, {\"changed\": {\"name\": \"vehicle driver\", \"object\": \"VehicleDriver object (16)\", \"fields\": [\"Driver\"]}}]"}}, {"model": "admin.logentry", "pk": 123, "fields": {"action_time": "2025-09-16T18:54:46.180Z", "user": 1, "content_type": 4, "object_id": "3", "object_repr": "manager_1", "action_flag": 2, "change_message": "[{\"changed\": {\"fields\": [\"User permissions\"]}}]"}}, {"model": "admin.logentry", "pk": 124, "fields": {"action_time": "2025-09-16T18:55:14.201Z", "user": 1, "content_type": 9, "object_id": "15", "object_repr": "id = 15 ФИО Test.", "action_flag": 1, "change_message": "[{\"added\": {}}]"}}, {"model": "admin.logentry", "pk": 125, "fields": {"action_time": "2025-09-16T18:55:28.047Z", "user": 1, "content_type": 7, "object_id": "29", "object_repr": "id = 29 Авто. Госномер B222BB178. Модель - Марка авто Ford Bronco", "action_flag": 2, "change_message": "[{\"added\": {\"name\": \"vehicle driver\", \"object\": \"VehicleDriver object (17)\"}}]"}}, {"model": "admin.logentry", "pk": 126, "fields": {"action_time": "2025-09-17T09:03:50.084Z", "user": 1, "content_type": 12, "object_id": "2", "object_repr": "id = 2 ФИО - Никита Шулаков. ", "action_flag": 2, "change_message": "[{\"changed\": {\"fields\": [\"Enterprises\"]}}]"}}, {"model": "admin.logentry", "pk": 127, "fields": {"action_time": "2025-09-18T18:20:04.513Z", "user": 1, "content_type": 7, "object_id": "30", "object_repr": "id = 30 Авто. Госномер A111AA178. Модель - Марка авто Toyota Crown", "action_flag": 1, "change_message": "[{\"added\": {}}]"}}, {"model": "admin.logentry", "pk": 128, "fields": {"action_time": "2025-09-18T18:20:52.648Z", "user": 1, "content_type": 7, "object_id": "30", "object_repr": "id = 30 Авто. Госномер A111AA178. Модель - Марка авто Toyota Crown", "action_flag": 2, "change_message": "[{\"changed\": {\"fields\": [\"Enterprise\"]}}]"}}, {"model": "admin.logentry", "pk": 129, "fields": {"action_time": "2025-09-18T18:23:00.324Z", "user": 1, "content_type": 4, "object_id": "3", "object_repr": "manager_1", "action_flag": 2, "change_message": "[{\"changed\": {\"fields\": [\"User permissions\"]}}]"}}, {"model": "admin.logentry", "pk": 130, "fields": {"action_time": "2025-09-18T18:58:42.676Z", "user": 1, "content_type": 4, "object_id": "3", "object_repr": "manager_1", "action_flag": 2, "change_message": "[{\"changed\": {\"fields\": [\"User permissions\"]}}]"}}, {"model": "admin.logentry", "pk": 131, "fields": {"action_time": "2025-09-21T10:25:04.842Z", "user": 1, "content_type": 4, "object_id": "3", "object_repr": "manager_1", "action_flag": 2, "change_message": "[{\"changed\": {\"fields\": [\"User permissions\"]}}]"}}, {"model": "auth.permission", "pk": 1, "fields": {"name": "Can add log entry", "content_type": 1, "codename": "add_logentry"}}, {"model": "auth.permission", "pk": 2, "fields": {"name": "Can change log entry", "content_type": 1, "codename": "change_logentry"}}, {"model": "auth.permission", "pk": 3, "fields": {"name": "Can delete log entry", "content_type": 1, "codename": "delete_logentry"}}, {"model": "auth.permission", "pk": 4, "fields": {"name": "Can view log entry", "content_type": 1, "codename": "view_logentry"}}, {"model": "auth.permission", "pk": 5, "fields": {"name": "Can add permission", "content_type": 2, "codename": "add_permission"}}, {"model": "auth.permission", "pk": 6, "fields": {"name": "Can change permission", "content_type": 2, "codename": "change_permission"}}, {"model": "auth.permission", "pk": 7, "fields": {"name": "Can delete permission", "content_type": 2, "codename": "delete_permission"}}, {"model": "auth.permission", "pk": 8, "fields": {"name": "Can view permission", "content_type": 2, "codename": "view_permission"}}, {"model": "auth.permission", "pk": 9, "fields": {"name": "Can add group", "content_type": 3, "codename": "add_group"}}, {"model": "auth.permission", "pk": 10, "fields": {"name": "Can change group", "content_type": 3, "codename": "change_group"}}, {"model": "auth.permission", "pk": 11, "fields": {"name": "Can delete group", "content_type": 3, "codename": "delete_group"}}, {"model": "auth.permission", "pk": 12, "fields": {"name": "Can view group", "content_type": 3, "codename": "view_group"}}, {"model": "auth.permission", "pk": 13, "fields": {"name": "Can add user", "content_type": 4, "codename": "add_user"}}, {"model": "auth.permission", "pk": 14, "fields": {"name": "Can change user", "content_type": 4, "codename": "change_user"}}, {"model": "auth.permission", "pk": 15, "fields": {"name": "Can delete user", "content_type": 4, "codename": "delete_user"}}, {"model": "auth.permission", "pk": 16, "fields": {"name": "Can view user", "content_type": 4, "codename": "view_user"}}, {"model": "auth.permission", "pk": 17, "fields": {"name": "Can add content type", "content_type": 5, "codename": "add_contenttype"}}, {"model": "auth.permission", "pk": 18, "fields": {"name": "Can change content type", "content_type": 5, "codename": "change_contenttype"}}, {"model": "auth.permission", "pk": 19, "fields": {"name": "Can delete content type", "content_type": 5, "codename": "delete_contenttype"}}, {"model": "auth.permission", "pk": 20, "fields": {"name": "Can view content type", "content_type": 5, "codename": "view_contenttype"}}, {"model": "auth.permission", "pk": 21, "fields": {"name": "Can add session", "content_type": 6, "codename": "add_session"}}, {"model": "auth.permission", "pk": 22, "fields": {"name": "Can change session", "content_type": 6, "codename": "change_session"}}, {"model": "auth.permission", "pk": 23, "fields": {"name": "Can delete session", "content_type": 6, "codename": "delete_session"}}, {"model": "auth.permission", "pk": 24, "fields": {"name": "Can view session", "content_type": 6, "codename": "view_session"}}, {"model": "auth.permission", "pk": 25, "fields": {"name": "Can add vehicle", "content_type": 7, "codename": "add_vehicle"}}, {"model": "auth.permission", "pk": 26, "fields": {"name": "Can change vehicle", "content_type": 7, "codename": "change_vehicle"}}, {"model": "auth.permission", "pk": 27, "fields": {"name": "Can delete vehicle", "content_type": 7, "codename": "delete_vehicle"}}, {"model": "auth.permission", "pk": 28, "fields": {"name": "Can view vehicle", "content_type": 7, "codename": "view_vehicle"}}, {"model": "auth.permission", "pk": 29, "fields": {"name": "Can add brand", "content_type": 8, "codename": "add_brand"}}, {"model": "auth.permission", "pk": 30, "fields": {"name": "Can change brand", "content_type": 8, "codename": "change_brand"}}, {"model": "auth.permission", "pk": 31, "fields": {"name": "Can delete brand", "content_type": 8, "codename": "delete_brand"}}, {"model": "auth.permission", "pk": 32, "fields": {"name": "Can view brand", "content_type": 8, "codename": "view_brand"}}, {"model": "auth.permission", "pk": 33, "fields": {"name": "Can add driver", "content_type": 9, "codename": "add_driver"}}, {"model": "auth.permission", "pk": 34, "fields": {"name": "Can change driver", "content_type": 9, "codename": "change_driver"}}, {"model": "auth.permission", "pk": 35, "fields": {"name": "Can delete driver", "content_type": 9, "codename": "delete_driver"}}, {"model": "auth.permission", "pk": 36, "fields": {"name": "Can view driver", "content_type": 9, "codename": "view_driver"}}, {"model": "auth.permission", "pk": 37, "fields": {"name": "Can add enterprise", "content_type": 10, "codename": "add_enterprise"}}, {"model": "auth.permission", "pk": 38, "fields": {"name": "Can change enterprise", "content_type": 10, "codename": "change_enterprise"}}, {"model": "auth.permission", "pk": 39, "fields": {"name": "Can delete enterprise", "content_type": 10, "codename": "delete_enterprise"}}, {"model": "auth.permission", "pk": 40, "fields": {"name": "Can view enterprise", "content_type": 10, "codename": "view_enterprise"}}, {"model": "auth.permission", "pk": 41, "fields": {"name": "Can add vehicle driver", "content_type": 11, "codename": "add_vehicledriver"}}, {"model": "auth.permission", "pk": 42, "fields": {"name": "Can change vehicle driver", "content_type": 11, "codename": "change_vehicledriver"}}, {"model": "auth.permission", "pk": 43, "fields": {"name": "Can delete vehicle driver", "content_type": 11, "codename": "delete_vehicledriver"}}, {"model": "auth.permission", "pk": 44, "fields": {"name": "Can view vehicle driver", "content_type": 11, "codename": "view_vehicledriver"}}, {"model": "auth.permission", "pk": 45, "fields": {"name": "Can add manager", "content_type": 12, "codename": "add_manager"}}, {"model": "auth.permission", "pk": 46, "fields": {"name": "Can change manager", "content_type": 12, "codename": "change_manager"}}, {"model": "auth.permission", "pk": 47, "fields": {"name": "Can delete manager", "content_type": 12, "codename": "delete_manager"}}, {"model": "auth.permission", "pk": 48, "fields": {"name": "Can view manager", "content_type": 12, "codename": "view_manager"}}, {"model": "auth.user", "pk": 1, "fields": {"password": "pbkdf2_sha256$1000000$sqLaSRZbntLKPZ4Qw8Waf3$N9jYTs1I0RfWO0oc5BJFBhtUzG7fnNEwlpawq1KCrNo=", "last_login": "2025-09-16T18:54:15.571Z", "is_superuser": true, "username": "admin", "first_name": "", "last_name": "", "email": "", "is_staff": true, "is_active": true, "date_joined": "2025-08-24T12:54:53.615Z", "groups": [], "user_permissions": []}}, {"model": "auth.user", "pk": 2, "fields": {"password": "pbkdf2_sha256$1000000$lqxw4V1BiS1sX39FbQaBeA$+yvC3B8/kBY/Utz/1KSoHfrh+k+OH2qlFOM1/IU+YMU=", "last_login": "2025-08-30T13:01:08.765Z", "is_superuser": false, "username": "Voldek404", "first_name": "", "last_name": "", "email": "", "is_staff": true, "is_active": true, "date_joined": "2025-08-30T12:56:58Z", "groups": [], "user_permissions": [1, 9, 5, 13, 14, 16]}}, {"model": "auth.user", "pk": 3, "fields": {"password": "pbkdf2_sha256$1000000$5j52ULvf8PVQsuTyzOsQoZ$yD+9F+HWimPG34vIeWFmrzjFI4SwYhs6URqubOGR/Z8=", "last_login": "2025-09-15T10:48:17Z", "is_superuser": false, "username": "manager_1", "first_name": "Олег", "last_name": "Пугачев", "email": "", "is_staff": true, "is_active": true, "date_joined": "2025-09-01T12:06:19Z", "groups": [], "user_permissions": [29, 32, 33, 40, 25, 26, 28, 41, 42, 44]}}, {"model": "auth.user", "pk": 4, "fields": {"password": "pbkdf2_sha256$1000000$OHJFEH9KdSpPNX10EpvT24$6zQJ5x7av7gOoYjO/0n7uA5q/5t8ICRM6zbs56ys4Yg=", "last_login": null, "is_superuser": false, "username": "manager_2", "first_name": "Никита", "last_name": "Шулаков", "email": "", "is_staff": true, "is_active": true, "date_joined": "2025-09-01T12:12:31Z", "groups": [], "user_permissions": [40, 28, 44]}}, {"model": "contenttypes.contenttype", "pk": 1, "fields": {"app_label": "admin", "model": "logentry"}}, {"model": "contenttypes.contenttype", "pk": 2, "fields": {"app_label": "auth", "model": "permission"}}, {"model": "contenttypes.contenttype", "pk": 3, "fields": {"app_label": "auth", "model": "group"}}, {"model": "contenttypes.contenttype", "pk": 4, "fields": {"app_label": "auth", "model": "user"}}, {"model": "contenttypes.contenttype", "pk": 5, "fields": {"app_label": "contenttypes", "model": "contenttype"}}, {"model": "contenttypes.contenttype", "pk": 6, "fields": {"app_label": "sessions", "model": "session"}}, {"model": "contenttypes.contenttype", "pk": 7, "fields": {"app_label": "vehicles", "model": "vehicle"}}, {"model": "contenttypes.contenttype", "pk": 8, "fields": {"app_label": "vehicles", "model": "brand"}}, {"model": "contenttypes.contenttype", "pk": 9, "fields": {"app_label": "vehicles", "model": "driver"}}, {"model": "contenttypes.contenttype", "pk": 10, "fields": {"app_label": "vehicles", "model": "enterprise"}}, {"model": "contenttypes.contenttype", "pk": 11, "fields": {"app_label": "vehicles", "model": "vehicledriver"}}, {"model": "contenttypes.contenttype", "pk": 12, "fields": {"app_label": "vehicles", "model": "manager"}}, {"model": "sessions.session", "pk": "7wt26woulc1a5v3vm3tnsmybyldzbrw6", "fields": {"session_data": ".eJxVjEsOwiAUAO_C2hD-9Ll03zMQ3oNK1UBS2pXx7oakC93OTObNQjz2Eo6et7AmdmWaXX4ZRnrmOkR6xHpvnFrdtxX5SPhpO59byq_b2f4NSuxlbC1AJi-NU6CSJBGdlo6MylZLS3IBDxZIOLIZZBRiQjM5g2JJwiMi-3wBtaI3EA:1uuSRF:rS_4AVBVKfKSkVBPwPdQq67w61crHpbovNu5kHnH3k8", "expire_date": "2025-09-19T09:08:57.559Z"}}, {"model": "sessions.session", "pk": "cwld1cf5fq058aztf3o3o0g7bm1zmzvo", "fields": {"session_data": ".eJxVjEEOwiAQRe_C2pBOgSm4dO8ZmoEZpGpoUtqV8e7apAvd_vfef6mRtrWMW5NlnFidFajT7xYpPaTugO9Ub7NOc12XKepd0Qdt-jqzPC-H-3dQqJVv7YKwDez6jOAIEgbrPWdnQwrQMcJgCXoIOce-k84MCTwgkRiTEFHU-wPNAjdM:1uqAN5:ecqwxhWTRR1nY5QwJZDLmzo-dvhrVJ2N_nx3e1d-c0M", "expire_date": "2025-09-07T13:02:55.828Z"}}, {"model": "sessions.session", "pk": "ihm8stu6bnu54noxmx9hkf881de2pjmy", "fields": {"session_data": ".eJxVjEsOwiAUAO_C2hD-9Ll03zMQ3oNK1UBS2pXx7oakC93OTObNQjz2Eo6et7AmdmWaXX4ZRnrmOkR6xHpvnFrdtxX5SPhpO59byq_b2f4NSuxlbC1AJi-NU6CSJBGdlo6MylZLS3IBDxZIOLIZZBRiQjM5g2JJwiMi-3wBtaI3EA:1uuSRj:kqFlMcpGf-nqLX_v34UF0tgV928GnAoDqDC7n2X0reQ", "expire_date": "2025-09-19T09:09:27.060Z"}}, {"model": "sessions.session", "pk": "k1pj0x4y6u5sq2khnhxrqgq3g30mngba", "fields": {"session_data": ".eJxVjEsOwiAUAO_C2hD-9Ll03zMQ3oNK1UBS2pXx7oakC93OTObNQjz2Eo6et7AmdmWaXX4ZRnrmOkR6xHpvnFrdtxX5SPhpO59byq_b2f4NSuxlbC1AJi-NU6CSJBGdlo6MylZLS3IBDxZIOLIZZBRiQjM5g2JJwiMi-3wBtaI3EA:1uuSS8:HVnY-NPIB52wdZDbTlelnb8uUt_T40q31XubQ0G5d6o", "expire_date": "2025-09-19T09:09:52.160Z"}}, {"model": "sessions.session", "pk": "razv209wjhkwd7ezy6punuw7ebsu6gm0", "fields": {"session_data": ".eJxVjEEOwiAQRe_C2pBOgSm4dO8ZmoEZpGpoUtqV8e7apAvd_vfef6mRtrWMW5NlnFidFajT7xYpPaTugO9Ub7NOc12XKepd0Qdt-jqzPC-H-3dQqJVv7YKwDez6jOAIEgbrPWdnQwrQMcJgCXoIOce-k84MCTwgkRiTEFHU-wPNAjdM:1ur78t:fCebUZ45_J4MXMshTjIkwmR4NbpCkKVh0Za-VJh56nU", "expire_date": "2025-09-10T03:48:11.958Z"}}, {"model": "sessions.session", "pk": "st5hp6jog28p9aj6zz719vqy4pvfujiy", "fields": {"session_data": ".eJxVjEEOwiAQRe_C2pBOgSm4dO8ZmoEZpGpoUtqV8e7apAvd_vfef6mRtrWMW5NlnFidFajT7xYpPaTugO9Ub7NOc12XKepd0Qdt-jqzPC-H-3dQqJVv7YKwDez6jOAIEgbrPWdnQwrQMcJgCXoIOce-k84MCTwgkRiTEFHU-wPNAjdM:1uyaoh:fotxcTsK2xY-wBMwkfbjMOtPpJXnDW6E3edEykBz_Ok", "expire_date": "2025-09-30T18:54:15.572Z"}}, {"model": "sessions.session", "pk": "zfq1q6i0i6fn27j3mhas8ttg7v6zoqtk", "fields": {"session_data": ".eJxVjEsOwiAUAO_C2hD-9Ll03zMQ3oNK1UBS2pXx7oakC93OTObNQjz2Eo6et7AmdmWaXX4ZRnrmOkR6xHpvnFrdtxX5SPhpO59byq_b2f4NSuxlbC1AJi-NU6CSJBGdlo6MylZLS3IBDxZIOLIZZBRiQjM5g2JJwiMi-3wBtaI3EA:1utsIk:1ttWMNnCUVFCE1l11JUlYZzsklKLkztuDcGZGbZ48hg", "expire_date": "2025-09-17T18:33:46.967Z"}}, {"model": "vehicles.enterprise", "pk": 1, "fields": {"name": "Санкт-Петербург", "city": "Saint Petersburg"}}, {"model": "vehicles.enterprise", "pk": 2, "fields": {"name": "Beta Transport", "city": "Moscow"}}, {"model": "vehicles.enterprise", "pk": 3, "fields": {"name": "Gamma Cars", "city": "Kazan"}}, {"model": "vehicles.enterprise", "pk": 4, "fields": {"name": "Delta Mobility", "city": "Novosibirsk"}}, {"model": "vehicles.enterprise", "pk": 5, "fields": {"name": "Epsilon Fleet", "city": "Sochi"}}, {"model": "vehicles.driver", "pk": 1, "fields": {"full_name": "Иван Иванов", "salary": 100000, "is_active": false, "active_vehicle": null, "enterprise": 1}}, {"model": "vehicles.driver", "pk": 2, "fields": {"full_name": "Петр Петров", "salary": 90000, "is_active": false, "active_vehicle": null, "enterprise": 1}}, {"model": "vehicles.driver", "pk": 3, "fields": {"full_name": "Сергей Сергеев", "salary": 110000, "is_active": true, "active_vehicle": null, "enterprise": 2}}, {"model": "vehicles.driver", "pk": 4, "fields": {"full_name": "Алексей Алексеев", "salary": 95000, "is_active": false, "active_vehicle": null, "enterprise": 2}}, {"model": "vehicles.driver", "pk": 5, "fields": {"full_name": "Николай Николаев", "salary": 105000, "is_active": false, "active_vehicle": null, "enterprise": 3}}, {"model": "vehicles.driver", "pk": 6, "fields": {"full_name": "Владимир Владимиров", "salary": 97000, "is_active": false, "active_vehicle": null, "enterprise": 3}}, {"model": "vehicles.driver", "pk": 7, "fields": {"full_name": "Михаил Михайлов", "salary": 99000, "is_active": true, "active_vehicle": null, "enterprise": 4}}, {"model": "vehicles.driver", "pk": 8, "fields": {"full_name": "Анатолий Анатольев", "salary": 92000, "is_active": false, "active_vehicle": null, "enterprise": 4}}, {"model": "vehicles.driver", "pk": 9, "fields": {"full_name": "Евгений Евгеньев", "salary": 98000, "is_active": true, "active_vehicle": null, "enterprise": 5}}, {"model": "vehicles.driver", "pk": 10, "fields": {"full_name": "Дмитрий Дмитриев", "salary": 101000, "is_active": false, "active_vehicle": null, "enterprise": 5}}, {"model": "vehicles.brand", "pk": 1, "fields": {"product_name": "Ford Bronco", "car_class": "B", "fuel_tank_capacity": 60, "maximum_load_kg": 1500, "country_of_origin": "USA", "number_of_passengers": 5}}, {"model": "vehicles.brand", "pk": 2, "fields": {"product_name": "Geely Monjaro", "car_class": "C", "fuel_tank_capacity": 55, "maximum_load_kg": 1600, "country_of_origin": "China", "number_of_passengers": 5}}, {"model": "vehicles.brand", "pk": 3, "fields": {"product_name": "Toyota Crown", "car_class": "B", "fuel_tank_capacity": 50, "maximum_load_kg": 1400, "country_of_origin": "Japan", "number_of_passengers": 5}}, {"model": "vehicles.brand", "pk": 4, "fields": {"product_name": "Volvo XC60", "car_class": "D", "fuel_tank_capacity": 65, "maximum_load_kg": 1700, "country_of_origin": "Sweden", "number_of_passengers": 5}}, {"model": "vehicles.brand", "pk": 5, "fields": {"product_name": "Volkswagen Golf", "car_class": "B", "fuel_tank_capacity": 55, "maximum_load_kg": 1400, "country_of_origin": "Germany", "number_of_passengers": 5}}, {"model": "vehicles.vehicledriver", "pk": 3, "fields": {"vehicle": 9, "driver": 9, "is_active": false}}, {"model": "vehicles.vehicledriver", "pk": 4, "fields": {"vehicle": 8, "driver": 5, "is_active": false}}, {"model": "vehicles.vehicledriver", "pk": 5, "fields": {"vehicle": 8, "driver": 6, "is_active": false}}, {"model": "vehicles.vehicledriver", "pk": 6, "fields": {"vehicle": 2, "driver": 1, "is_active": false}}, {"model": "vehicles.vehicledriver", "pk": 7, "fields": {"vehicle": 2, "driver": 2, "is_active": false}}, {"model": "vehicles.vehicledriver", "pk": 8, "fields": {"vehicle": 5, "driver": 7, "is_active": true}}, {"model": "vehicles.vehicledriver", "pk": 9, "fields": {"vehicle": 9, "driver": 10, "is_active": true}}, {"model": "vehicles.vehicledriver", "pk": 10, "fields": {"vehicle": 3, "driver": 1, "is_active": false}}, {"model": "vehicles.vehicledriver", "pk": 11, "fields": {"vehicle": 4, "driver": 9, "is_active": true}}, {"model": "vehicles.vehicledriver", "pk": 12, "fields": {"vehicle": 7, "driver": 1, "is_active": false}}, {"model": "vehicles.vehicledriver", "pk": 13, "fields": {"vehicle": 1, "driver": 3, "is_active": true}}, {"model": "vehicles.vehicledriver", "pk": 14, "fields": {"vehicle": 3, "driver": 2, "is_active": false}}, {"model": "vehicles.vehicle", "pk": 1, "fields": {"prod_date": "2022-01-10", "odometer": 10000, "price": 2000000, "color": "Красный", "plate_number": "A111AA178", "brand": 1, "enterprise": 2, "driver": 3}}, {"model": "vehicles.vehicle", "pk": 2, "fields": {"prod_date": "2023-03-15", "odometer": 5000, "price": 2500000, "color": "Черный", "plate_number": "C333CC178", "brand": 2, "enterprise": 1, "driver": null}}, {"model": "vehicles.vehicle", "pk": 3, "fields": {"prod_date": "2021-07-22", "odometer": 30000, "price": 1800000, "color": "Белый", "plate_number": "B222BB178", "brand": 3, "enterprise": 1, "driver": null}}, {"model": "vehicles.vehicle", "pk": 4, "fields": {"prod_date": "2020-05-10", "odometer": 50000, "price": 1700000, "color": "Голубой", "plate_number": "D444DD178", "brand": 4, "enterprise": 5, "driver": 9}}, {"model": "vehicles.vehicle", "pk": 5, "fields": {"prod_date": "2022-09-12", "odometer": 15000, "price": 2200000, "color": "Зеленый", "plate_number": "E555EE178", "brand": 5, "enterprise": 4, "driver": 7}}, {"model": "vehicles.vehicle", "pk": 6, "fields": {"prod_date": "2023-02-28", "odometer": 8000, "price": 2300000, "color": "Сиреневый", "plate_number": "F666FF178", "brand": 1, "enterprise": 1, "driver": null}}, {"model": "vehicles.vehicle", "pk": 7, "fields": {"prod_date": "2021-11-05", "odometer": 40000, "price": 1900000, "color": "Желтый", "plate_number": "G777GG178", "brand": 2, "enterprise": 1, "driver": null}}, {"model": "vehicles.vehicle", "pk": 8, "fields": {"prod_date": "2020-08-30", "odometer": 60000, "price": 1600000, "color": "Фиолетовый", "plate_number": "H888HH178", "brand": 3, "enterprise": 3, "driver": null}}, {"model": "vehicles.vehicle", "pk": 9, "fields": {"prod_date": "2022-04-18", "odometer": 20000, "price": 2100000, "color": "Оранжевый", "plate_number": "I999II178", "brand": 4, "enterprise": 5, "driver": null}}, {"model": "vehicles.vehicle", "pk": 31, "fields": {"prod_date": "2024-01-30", "odometer": 15300, "price": 950000, "color": "Red", "plate_number": "A123BC77", "brand": null, "enterprise": 1, "driver": null}}, {"model": "vehicles.manager", "pk": 1, "fields": {"full_name": "Олег Пугачев", "city": "Санкт-Петербург", "user": 3, "enterprises": [1, 2]}}, {"model": "vehicles.manager", "pk": 2, "fields": {"full_name": "Никита Шулаков", "city": "Москва", "user": 4, "enterprises": [2, 3]}}]